index,alt,gps_time,lat,lon,qualflg,xpos,xpos_err,xvel,xvel_err,ypos,ypos_err,yvel,yvel_err,zpos,zpos_err,zvel,zvel_err,mlt
2013-03-16 06:16:00,468127.90808159206,416686560,-49.790913473883435,-89.89675633647222,0,7978.75173908843,0.004447225066799,-112.071521506579,3.39573279108279e-06,-4427858.23386404,0.0054318339909316,-5808.43021446751,9.14789802535965e-06,-5205314.15795135,0.0053084610123194,4937.05739929355,7.63981878632937e-06,19.310017115968865
2013-03-16 16:16:00,446958.35958841536,416722560,78.12316064898761,-63.82781050162145,0,621420.1786368861,0.0042932974155415,3763.34779098344,6.95626841171132e-06,-1264441.47310807,0.0053575504536722,-6464.80882834612,1.03546315018905e-05,6657170.89219776,0.0058190906332317,-1585.03691885148,6.359484265585721e-06,6.931632447414064
2013-03-16 16:17:00,445992.02000343613,416722620,74.28722216841378,-62.91299489577602,0,843960.037119977,0.0042617116658887,3651.96767159943,6.45002619171583e-06,-1650165.31039982,0.0053082668530002,-6387.64875560371,9.50267674336352e-06,6547023.3858161,0.0057232654313549,-2085.1857925058,6.30591329813947e-06,7.010333476861305
2013-03-16 16:18:00,444947.3996512303,416722680,70.44531729179751,-62.44666461039513,0,1059342.47281098,0.004228419355081,3524.89843908119,6.22179023013232e-06,-2030361.14410083,0.0052491021794395,-6280.58460223572,9.1444686563179e-06,6407134.50227919,0.0056432633749768,-2576.0406648419,6.45275088549589e-06,7.059149365731723
2013-03-16 16:19:00,443838.76941366494,416722740,66.59901621059923,-62.20813933708499,0,1266650.45775078,0.0041912850298688,3382.96156255285,6.2708900521169e-06,-2403243.82693036,0.0051749115058523,-6143.94356575419,9.3208824055775e-06,6238129.06540422,0.0055755560618447,-3055.36924850443,6.8427473550858e-06,7.092791834666364
2013-03-16 16:20:00,442682.49724558555,416722800,62.7488733929502,-62.10097903803596,0,1465018.14893534,0.0041528603138537,3227.04095343976,6.55170036420291e-06,-2767052.12610563,0.005091268853981,-5978.19506999027,9.96582352797258e-06,6040764.43626758,0.0055183022091632,-3520.98761034092,7.509115599150429e-06,7.117689915099993
2013-03-16 16:21:00,441496.72602969036,416722860,58.895084353522755,-62.07634978745329,0,1653634.52122861,0.0041169734635788,3058.07951106842,5.87761328401573e-06,-3120057.17250148,0.005010939726345,-5783.94828874693,8.775085436942299e-06,5815927.3334619,0.0054674256074541,-3970.76915313345,7.188368212311789e-06,7.137098893311233
2013-03-16 16:22:00,440301.07661829144,416722920,55.03771270659282,-62.10686877424437,0,1831746.80600384,0.0040785889108238,2877.07532907531,5.441190591956e-06,-3460570.83165587,0.004925784839455,-5561.95180626363,7.97687944821931e-06,5564630.12676964,0.0054103237777055,-4402.65393925889,7.14877430108291e-06,7.152843977058426
2013-03-16 16:23:00,439116.2872103341,416722980,51.176784256438765,-62.175981055360644,0,1998663.62433575,0.0040335105215003,2685.07557035141,5.25420070650277e-06,-3786954.00329047,0.0048249613618129,-5313.0906048226,7.64322424023016e-06,5288006.49209375,0.0053385885168138,-4814.66000124167,7.50513435113462e-06,7.1660285121743765
2013-03-16 16:24:00,437963.77920390107,416723040,47.312332238311576,-62.2730779526839,0,2153757.75210533,0.0039815256305209,2483.17075667697,5.28886771193617e-06,-4097624.680519369,0.0047065177351134,-5038.38277998954,7.76104873200946e-06,4987306.5038325,0.0052498205894238,-5204.89051543127,8.3079164729623e-06,7.177359422927351
2013-03-16 16:25:00,436865.3102114834,416723100,43.44442099258998,-62.39103629829682,0,2296468.56712419,0.0039257166194316,2272.4894933297,5.486448037639851e-06,-4391065.902889079,0.0045767816431426,-4738.977823031249,8.22887170652141e-06,4663891.26004697,0.0051500047085093,-5571.54301078435,9.525611783328152e-06,7.187311262492149
2013-03-16 16:26:00,435842.66852266993,416723160,39.573158652262414,-62.52488453651856,0,2426304.1989915,0.0038740568098716,2054.19429534551,4.99984405755443e-06,-4665833.563249039,0.0044553415664804,-4416.15428691925,7.30313920461928e-06,4319226.95268346,0.0050526777622417,-5912.91909397384,8.98279921169494e-06,7.196215139639404
2013-03-16 16:27:00,434917.2827066649,416723220,35.698702688727685,-62.67103572615299,0,2542843.37160086,0.0038283692539339,1829.47384173584,4.65870854453479e-06,-4920563.96195976,0.0043470390137682,-4071.312022660089,6.62427794750889e-06,3954878.20206353,0.0049534141129686,-6227.43754500209,8.85008958304259e-06,7.204309852078692
2013-03-16 16:28:00,434109.6818525186,416723280,31.82126314187871,-62.82682571555271,0,2645736.66533905,0.0037862314916406,1599.53387079955,4.452844344852539e-06,-5153980.845556419,0.0042456756588893,-3705.96562206464,6.20219663790562e-06,3572500.89272284,0.0048453548250186,-6513.638089422239,9.23085511468334e-06,7.211772674950236
2013-03-16 16:29:00,433439.163983074,416723340,27.941103694608994,-62.99022309193979,0,2734707.43160867,0.0037470847869974,1365.59364553945,4.357729176237139e-06,-5364902.189415311,0.0041496927780978,-3321.74049648807,6.011533142155559e-06,3173834.71478846,0.0047321482018438,-6770.18925889981,1.01313501946071e-05,7.218738697700785
2013-03-16 16:30:00,432923.48368151486,416723400,24.058539448314033,-63.15963959256716,0,2809552.42702496,0.0037117661920778,1128.87931793047,4.34084056013141e-06,-5552246.619158099,0.0040612908800144,-2920.3642679376,5.9977975759432e-06,2760695.10578404,0.0046308017142275,-6995.89912974276,1.14684426706617e-05,7.225313463505346
2013-03-16 16:31:00,432578.3983429121,416723460,20.17393320256273,-63.3338023644421,0,2870141.9794941,0.0036840440497345,890.615949825629,4.00374126549016e-06,-5715039.199920541,0.003990422773413,-2503.65608848078,5.295855171285019e-06,2334964.69389234,0.0045654769311942,-7189.72037090429,1.05465539423992e-05,7.231581485453065
2013-03-16 16:32:00,432417.2945085848,416723520,16.287690796580286,-63.51166577300381,0,2916419.69937391,0.0036647016707267,652.019635130282,3.75315106734696e-06,-5852416.73287383,0.0039397720570801,-2073.51935724243,4.75256754847781e-06,1898584.46038282,0.0045268779721693,-7350.75665010618,1.00659281006633e-05,7.237612126137575
2013-03-16 16:33:00,432450.7733065402,416723580,12.400255533324605,-63.69234844040243,0,2948401.73843915,0.0036515346386446,414.29258022006,3.57814376289732e-06,-5963632.42451462,0.0039047831920955,-1631.93035739212,4.36569047651538e-06,1453544.61124133,0.0045020942412754,-7478.26283446477,1.01464509497688e-05,7.243463795275349
2013-03-16 16:34:00,432686.5990783321,416723640,8.512102085711868,-63.87508570694573,0,2966175.90035947,0.0036431654582742,178.618890513561,3.4650018581769e-06,-6048060.19349566,0.0038830642145162,-1180.93397164584,4.12310517612954e-06,1001875.33287637,0.0044917772661682,-7571.653852512341,1.08082688481833e-05,7.249187119113992
2013-03-16 16:35:00,433129.4557793001,416723700,4.623727869064437,-64.0591934437796,0,2969900.23677861,0.003638804227762,-53.8445824574869,3.40088137588893e-06,-6105198.232548529,0.0038738745294829,-722.626142148137,4.00936271021188e-06,545637.032365952,0.0045113990054304,-7630.50617847689,1.196341347887e-05,7.254827353092664
2013-03-16 16:36:00,433780.8534067329,416723760,0.7356459896109276,-64.24403891050466,0,2959801.27759892,0.0036383806520643,-281.973367973548,3.30986094000519e-06,-6134671.965733229,0.0038783659240855,-259.151228035493,3.9031293837937e-06,86910.6847644838,0.0045735518553857,-7654.5597006637,1.07696063438519e-05,7.26042632484135
2013-03-16 16:37:00,434639.23251305707,416723820,-3.151624762782214,-64.42901702812613,0,2936171.84770739,0.0036413046919833,-504.6831978212,3.26690560499269e-06,-6136236.562882951,0.0038963117193027,207.313791650786,3.93398041723561e-06,-372212.250948749,0.0046529141672241,-7643.72487907322,1.00626102556459e-05,7.266024016157291
2013-03-16 16:38:00,435699.82528758515,416723880,-7.037569947221248,-64.61352773559192,0,2899368.48421453,0.0036466364638156,-720.935523123931,3.26930403836222e-06,-6109778.379691861,0.0039267033199929,674.57505799645,4.10362333874142e-06,-829639.980824551,0.0047313761171146,-7598.0795391693,9.964730183571288e-06,7.2716600727454805
2013-03-16 16:39:00,436954.5508335531,416723940,-10.921688138767214,-64.79695349658131,0,2849808.52517594,0.0036538274294755,-929.742992854337,3.31454717992998e-06,-6055315.63841233,0.0039697404198058,1140.43204614789,4.40821322278047e-06,-1283290.28628571,0.0048067373406274,-7517.864205805829,1.04839471590875e-05,7.27737530394037
2013-03-16 16:40:00,438392.1461900724,416724000,-14.80349833066795,-64.97863610194963,0,2787966.91340817,0.0036627772795104,-1130.17332970243,3.41046986571659e-06,-5972998.64193142,0.004027114710849,1602.68392675058,4.87263721055746e-06,-1731100.21392189,0.0048912744007448,-7403.48099720564,1.15061473288908e-05,7.28321322938548
2013-03-16 16:41:00,439998.4871019805,416724060,-18.682548442187876,-65.15785039673021,0,2714372.74647294,0.0036727022373122,-1321.3550165178,3.40512271368422e-06,-5863109.41686596,0.0040959315763848,2059.14424950647,4.93612536234874e-06,-2171035.86131294,0.0049915461319405,-7255.49552629041,1.00893711260989e-05,7.289221830742418
2013-03-16 16:42:00,441756.6894358918,416724120,-22.55842327324062,-65.33377173610535,0,2629605.50907444,0.0036820293400544,-1502.4794354897,3.44380142273126e-06,-5726060.37620609,0.0041690207251628,2507.65342238523,5.13400574334584e-06,-2601101.92799432,0.0050809818977189,-7074.628181124031,9.16288239285046e-06,7.29545572146878
2013-03-16 16:43:00,443647.55322189163,416724180,-26.43075111929727,-65.505434131997,0,2534291.23344708,0.0036901016756201,-1672.80554662425,3.54267508607697e-06,-5562392.55092881,0.0042442129374152,2946.0869127423,5.52896327470851e-06,-3019351.0369491,0.0051437730394604,-6861.75537687024,8.84742838347618e-06,7.301978937221246
2013-03-16 16:44:00,445649.8551523788,416724240,-30.299210329367387,-65.67167594033754,0,2429098.237484,0.0036969186640849,-1831.66473240443,3.71529767553234e-06,-5372772.99393236,0.0043220967550112,3372.37005524176,6.16467430048163e-06,-3423892.81386941,0.0051780944121515,-6617.899417606221,9.14499945363666e-06,7.3088685568798635
2013-03-16 16:45:00,447740.59728944674,416724300,-34.16353379536433,-65.83106429795255,0,2314732.74127879,0.0037033608713322,-1978.46289338922,3.96824739840813e-06,-5157991.483522059,0.0044071857303911,3784.48833587534,7.05164645237368e-06,-3812902.4477278,0.0051939074200021,-6344.22194942263,9.92452620373908e-06,7.316219740264497
2013-03-16 16:46:00,449895.2950810632,416724360,-38.02351183820511,-65.98178828946125,0,2191934.32965837,0.0037092535661122,-2112.68187072122,3.8758865791229e-06,-4918956.6899472,0.0044976304988126,4180.49436990645,6.75418193257624e-06,-4184628.79645345,0.0052042894915435,-6042.016201223139,8.625888621925409e-06,7.324152850516209
2013-03-16 16:47:00,452088.40120625217,416724420,-41.8789936808245,-66.12150209477863,0,2061471.39037224,0.0037120749966005,-2233.8799582281,3.88645378485134e-06,-4656691.862357451,0.0045797263903131,4558.51804145497,6.76151405524963e-06,-4537402.12395283,0.0051990889003634,-5712.70099769265,7.76848065405941e-06,7.332823911105353
2013-03-16 16:48:00,454293.69969714433,416724480,-45.72988723758861,-66.24708752481921,0,1924136.50704279,0.0037110451039538,-2341.69222228603,4.02035908513448e-06,-4372329.932601741,0.0046485772195673,4916.774446676391,7.18084984505063e-06,-4869641.36715886,0.0051692398713086,-5357.812126113439,7.41212570322911e-06,7.3424404369553855
2013-03-16 16:49:00,456484.76726592984,416724540,-49.576156554777775,-66.35428278616747,0,1780741.84871786,0.0037069594893684,-2435.83103499513,4.28061165140051e-06,-4067108.17154365,0.0047065083189807,5253.57206435285,8.03348611353937e-06,-5179860.9505256,0.005114967869693,-4978.99521238744,7.518288198386379e-06,7.353286183641251
2013-03-16 16:50:00,458635.37760807853,416724600,-53.4178164159514,-66.4370801239231,0,1632114.49413035,0.0037022766557602,-2516.08707753176,4.65445714481658e-06,-3742362.34642924,0.0047638522711664,5567.32015538489,9.2678315746198e-06,-5466677.07847908,0.0050440213913748,-4577.99568440365,7.95925959401653e-06,7.365761304701992
2013-03-16 16:51:00,460719.8744324595,416724660,-57.25492195527954,-66.48670365594549,0,1479091.74118159,0.0036991866384639,-2582.32869135322,4.43065974717412e-06,-3399520.50418342,0.0048296763328705,5856.534423715761,8.61797476956847e-06,-5728813.45017377,0.0049744401799858,-4156.64983637278,6.93092391656502e-06,7.3804504961953565
2013-03-16 16:52:00,462713.5710828705,416724720,-61.08755018750684,-66.48977813409164,0,1322516.50777385,0.0036949862755189,-2634.50015669225,4.35694144535766e-06,-3040096.42670359,0.0048903894979137,6119.84207360757,8.40269870837829e-06,-5965106.46093216,0.0049098753990509,-3716.87668151771,6.17976448608243e-06,7.398245079451024
2013-03-16 16:53:00,464593.1888340516,416724780,-64.91576663970629,-66.4248289125358,0,1163232.77677251,0.0036888684231023,-2672.62148100873,4.43046052430546e-06,-2665682.77594666,0.0049403600476089,6355.987857174019,8.671489443468929e-06,-6174509.94378112,0.0048453282325567,-3260.67026856273,5.708200754575189e-06,7.4205763366836015
2013-03-16 16:54:00,466337.22314406,416724840,-68.73955973642438,-66.25501910654924,0,1002081.10918962,0.0036811383838619,-2696.7863138324,4.65889334234797e-06,-2277943.84830109,0.0049797299396977,6563.839765491801,9.47835817794364e-06,-6356099.36626961,0.0047803713855019,-2790.08948066927,5.47899180591047e-06,7.449899700573403
2013-03-16 16:55:00,467926.28284920566,416724900,-72.55869362032058,-65.91137829450881,0,839894.3112107989,0.0036745897409766,-2707.15888002321,5.01121888884857e-06,-1878608.05205136,0.0050214439426056,6742.39371501123,1.07375297667554e-05,-6509075.467284271,0.0047179233044976,-2307.24955329465,5.42287602818167e-06,7.49081284096364
2013-03-16 16:56:00,469343.3830366442,416724960,-76.37232218760153,-65.24797718014811,0,677493.292108164,0.0036714068258498,-2703.9712885861,4.65616277131419e-06,-1469460.10302309,0.0050769245786711,6890.77722838059,9.73383857913291e-06,-6632767.33387283,0.0046678822150548,-1814.31199480148,4.85737628776191e-06,7.553044020873073
2013-03-16 16:56:00,469343.3830366442,416724960,-76.37232218760153,-65.24797718014811,0,677493.292108164,0.0036714068258498,-2703.9712885861,4.65616277131419e-06,-1469460.10302309,0.0050769245786711,6890.77722838059,9.73383857913291e-06,-6632767.33387283,0.0046678822150548,-1814.31199480148,4.85737628776191e-06,7.553044020873073
2013-03-16 17:49:00,447428.4596686661,416728140,79.81122869127475,-87.94411643153734,0,43445.9660841781,0.0032772193394172,912.635299566797,3.5503554509803e-06,-1210283.5573432,0.0047634733145475,-7468.074708696259,1.13160168490061e-05,6696221.24755758,0.0045093613717664,-1362.00489225029,4.427630690456851e-06,6.986967252713157
2013-03-16 17:50:00,446510.0658269366,416728200,75.97923054733887,-86.67737689978537,0,96113.4798075922,0.0032714227629332,842.434363107602,3.59858786161631e-06,-1655536.03506997,0.0048129930148439,-7367.98651453553,1.22131816562697e-05,6599359.864171149,0.0045876987673015,-1865.51360680437,4.893009350118041e-06,7.089022961381671
2013-03-16 17:51:00,445507.8533711387,416728260,72.1397752418696,-86.05249778203662,0,144482.541489465,0.0032699094237555,769.456142615142,3.51247870298176e-06,-2093763.82778184,0.0048974294677495,-7233.99830176084,1.06753831797292e-05,6472525.67962878,0.0046772110796922,-2360.72007351791,4.95835630375514e-06,7.148274996603119
2013-03-16 17:52:00,444435.23501661234,416728320,68.295437448762,-85.72927724942328,0,188405.055674485,0.0032731470114869,694.319895215194,3.47415227511372e-06,-2522948.91789349,0.004984529823322,-7066.669772395649,9.58773326273672e-06,6316284.54099153,0.0047673696966991,-2845.3739782515,5.16381287202854e-06,7.1874033801014665
2013-03-16 17:53:00,443307.8149715327,416728380,64.44709089737135,-85.57164753485226,0,227770.268855745,0.0032807049568458,617.650514380651,3.47476422592944e-06,-2941111.61366928,0.0050526830411134,-6866.71698894746,9.09329205644897e-06,6131335.94570295,0.0048547030252806,-3317.27241223422,5.57985345032686e-06,7.21547920192936
2013-03-16 17:54:00,442142.98151486646,416728440,60.59504776784444,-85.51456808503674,0,262504.980340782,0.0032925509688835,540.073882016329,3.50407139833236e-06,-3346319.70097707,0.0050956704922947,-6635.006597145481,9.23723498187333e-06,5918510.00982414,0.0049382436567168,-3774.26507812101,6.257900035238929e-06,7.236838410311737
2013-03-16 17:55:00,440959.6542414976,416728500,56.73941291789204,-85.52302750247246,0,292573.416660866,0.0033089215545829,462.210906144178,3.55212803010087e-06,-3736697.50075078,0.0051204550242082,-6372.55594891482,9.921487604183473e-06,5678764.06371934,0.0050208957588617,-4214.26385938637,7.21177671270684e-06,7.253815015493105
2013-03-16 17:56:00,439777.9326068731,416728560,52.880220486048884,-85.57649744127404,0,317976.843283309,0.003330143528032,384.67504875792,3.51516768851788e-06,-4110434.77495273,0.0051376784327379,-6080.52812545244,8.60534093510959e-06,5413178.58961131,0.0050986727055174,-4635.2531996069,6.89337714662334e-06,7.267777496644546
2013-03-16 17:57:00,438618.7220852254,416728620,49.01749596953992,-85.66213422693238,0,338753.036919201,0.0033558041753835,308.069154906189,3.5065866025943e-06,-4465795.3297605,0.0051358169060953,-5760.22774076724,7.76446341922265e-06,5122952.63874224,0.0051565006778264,-5035.29758667347,6.939800379139399e-06,7.279582027200517
2013-03-16 17:58:00,437503.45075338054,416728680,45.151287602342904,-85.77147909369194,0,354975.5116008151,0.003385572411482,232.980829488107,3.51932456825229e-06,-4801125.44017028,0.0051061580866614,-5413.0987841825,7.46116149238865e-06,4809398.77924961,0.0051888810172522,-5412.55046589396,7.46723635287105e-06,7.289792458991244
2013-03-16 17:59:00,436453.7823603917,416728740,41.28168236156339,-85.89872289695936,0,366752.468308615,0.0034192268439139,159.977996420568,3.54588887478136e-06,-5114862.09528295,0.005049906906014,-5040.719631033,7.6473882558777e-06,4473937.38471479,0.0051977856533446,-5765.267028967411,8.48799007978247e-06,7.298796008050774
2013-03-16 18:00:00,435491.1744543491,416728800,37.40881422806691,-86.03973313064469,0,374225.484006093,0.0034567154975621,89.6046214457875,3.58032663143541e-06,-5405540.777991231,0.004976490261798,-4644.79353991556,8.17646384309024e-06,4118090.21264338,0.0051945650219235,-6091.81379903984,9.923963313588672e-06,7.306868120090962
2013-03-16 18:01:00,434636.41579015926,416728860,33.53286880761329,-86.19147876869236,0,377567.980114268,0.0034975428835197,22.3778314655477,3.55742153650984e-06,-5671802.70221153,0.0049061845122401,-4227.14038321999,7.21946878192703e-06,3743473.51635932,0.0051933401669252,-6390.67543081472,9.353253966768228e-06,7.314210814360475
2013-03-16 18:02:00,433909.2571538491,416728920,29.654085158299026,-86.35167451627926,0,376983.535305165,0.0035409280569578,-41.2148201467823,3.55128797006414e-06,-5912401.62109307,0.0048442142561626,-3789.69048054025,6.53993048632657e-06,3351790.7449434,0.0051861596955185,-6660.462484171841,9.25333895317872e-06,7.320976400190152
2013-03-16 18:03:00,433328.05739634484,416728980,25.772754539006563,-86.51855255386512,0,372703.998571747,0.0035865806178899,-100.719198249025,3.55781872511474e-06,-6126210.17775221,0.0047867764247335,-3334.47449143781,6.13104971846645e-06,2944824.68155321,0.0051671055718896,-6899.92123911404,9.71639604515949e-06,7.327282694012706
2013-03-16 18:04:00,432909.3362451447,416729040,21.889217452861782,-86.69071139519873,0,364987.36521902,0.0036343545570843,-155.718535166566,3.57355631831242e-06,-6312225.56445767,0.0047347036209329,-2863.611334461,5.949270225787509e-06,2524429.08872283,0.0051418220238709,-7107.940243357971,1.07214157505809e-05,7.33322309544974
2013-03-16 18:05:00,432667.3460690556,416729100,18.003860126568913,-86.86701253016969,0,354115.464746963,0.0036842020468468,-205.834980520362,3.59578371776571e-06,-6469574.49488323,0.0046921384062685,-2379.29847536326,5.92836198815127e-06,2092520.08443167,0.0051290173467434,-7283.55293336484,1.21596230673645e-05,7.3388734777401465
2013-03-16 18:06:00,432613.83787884656,416729160,14.117109751853107,-87.0465064823694,0,340391.622384076,0.003735846299148,-250.73050938456,3.58498038935583e-06,-6597517.687432219,0.0046693693656544,-1883.80294005486,5.34329987580221e-06,1651067.25750475,0.0051488536612158,-7425.94469157856,1.12372903861969e-05,7.344297117188805
2013-03-16 18:07:00,432757.8572095195,416729220,10.229428379472305,-87.22837923259885,0,324138.132475233,0.003788861644087,-290.111551173649,3.58393394876714e-06,-6695453.70304902,0.0046705261385922,-1379.45164415331,4.96486180500469e-06,1202084.42841617,0.0051874783729614,-7534.45694067697,1.07949007704778e-05,7.349548264868491
2013-03-16 18:08:00,433105.669443042,416729280,6.3413047021477205,-87.41191274852615,0,305693.489271521,0.0038431113275021,-323.731825874312,3.59055236234109e-06,-6762922.19498714,0.0046940817287606,-868.6170845303251,4.76865767669147e-06,747620.001580925,0.0052326788356288,-7608.59586404594,1.09310710159066e-05,7.354674777939449
2013-03-16 18:09:00,433660.51760591846,416729340,2.453245503560322,-87.59645360927357,0,285409.545894675,0.0038985219304311,-351.392425565216,3.60324160767545e-06,-6799606.15622502,0.0047401264988817,-353.703256339039,4.73879326898768e-06,289747.090812341,0.0052858477824954,-7648.03216538522,1.16403182382703e-05,7.359720211275408
2013-03-16 18:10:00,434422.5021154769,416729400,-1.4342332985692174,-87.78138661867071,0,263648.643466284,0.0039550650601068,-372.942723380422,3.6208054054657e-06,-6805333.43606202,0.0048098690472168,162.86785081823,4.86198431771389e-06,-169446.448193459,0.0053617555908528,-7652.603582115859,1.28194916273031e-05,7.364725576524663
2013-03-16 18:11:00,435388.4739352418,416729460,-5.32061557588565,-87.96611134563142,0,240780.697280067,0.0040125921267859,-388.281129000542,3.61153585056484e-06,-6780077.419803769,0.0049038224962838,678.668934393851,5.015218810633809e-06,-627868.003883128,0.005469846416111,-7622.313906543601,1.15708739300857e-05,7.36973090602484
2013-03-16 18:12:00,436552.0270908531,416729520,-9.2053939873222,-88.15002013562025,0,217180.21214457,0.00407078750324,-397.3562988691,3.60795261057413e-06,-6723956.96991597,0.0050204199317591,1191.28038804164,5.29269012286996e-06,-1083430.17780361,0.0055847316183857,-7557.332796067821,1.0810077855328e-05,7.374776718643073
2013-03-16 18:13:00,437903.52765446715,416729580,-13.088078626720874,-88.33247558566183,0,193223.278072043,0.004129425620258,-400.166589340237,3.60975321104764e-06,-6637235.57768901,0.0051588740905453,1698.30264670993,5.70120571517711e-06,-1534060.6535858,0.0056898206240611,-7457.992871380899,1.06447830129865e-05,7.379905521378353
2013-03-16 18:14:00,439430.26321030967,416729640,-16.968205046388942,-88.5127853546967,0,169284.607837689,0.0041883179874515,-396.759489302635,3.61682352472003e-06,-6520319.83570765,0.0053193487741937,2197.36723131485,6.2630649341053e-06,-1977711.91459503,0.0057828349944911,-7324.78796532516,1.10777896859291e-05,7.385163488605608
2013-03-16 18:15:00,441116.67072883155,416729700,-20.845342186130818,-88.69017244432663,0,145734.599229261,0.0042473101256496,-387.231300915516,3.62937686282854e-06,-6373757.191533781,0.0055034300691619,2686.14960315731,6.976850754630331e-06,-2412370.85396031,0.0058740388566652,-7158.370506252169,1.20007833765414e-05,7.3906024432922175
2013-03-16 18:16:00,442944.58681196906,416729760,-24.719099496777133,-88.86373831273885,0,122936.420897826,0.0043061531304437,-371.726492109239,3.61643136492018e-06,-6198232.953835229,0.0057043343135228,3162.38069447376,7.00457693343498e-06,-2836068.14789248,0.0059694796962645,-6959.546765310521,1.05770965903089e-05,7.396282316000963
2013-03-16 18:17:00,444893.5765449209,416729820,-28.5891331049234,-89.03241469767731,0,101243.164405966,0.0043644638356996,-350.436246386519,3.60893932288215e-06,-5994566.63712955,0.0059072413340625,3623.85799563356,7.224649885262169e-06,-3246887.35936763,0.0060475652579356,-6729.27260438619,9.627913540234e-06,7.402274356624785
2013-03-16 18:18:00,446941.2959557213,416729880,-32.45515124285414,-89.19489822205205,0,80995.08766953141,0.0044219113895369,-323.596878034643,3.60772718825183e-06,-5763707.61380916,0.006110310904302,4068.45736176157,7.66941269176281e-06,-3642973.75627758,0.0060953668462509,-6468.64788375632,9.25091909023396e-06,7.408665493928238
2013-03-16 18:19:00,449063.8334948141,416729940,-36.31691849999875,-89.34955878352343,0,62516.9622508183,0.0044782342486062,-291.487960268189,3.61345010018856e-06,-5506730.073649189,0.0063119086864113,4494.1440527886,8.39436377268237e-06,-4022542.73036765,0.0061116182050687,-6178.9087288138,9.44058735351577e-06,7.415564442854336
2013-03-16 18:20:00,451236.02801604196,416730000,-40.17425815024162,-89.49430725479104,0,46115.5417963355,0.004533223465744,-254.430062516487,3.62711964231496e-06,-5224827.390210831,0.0065154748089439,4898.98112968618,9.422697488200592e-06,-4383887.70232824,0.0061048505081802,-5861.41860349064,1.0078476537703e-05,7.423110524417803
2013-03-16 18:21:00,453431.8603959875,416730060,-44.027052270737066,-89.62639824745662,0,32077.1866232411,0.004586633096432,-212.781984671439,3.61253613239714e-06,-4919306.05740209,0.0067117577428027,5281.13607888665,8.899227018919878e-06,-4725387.54602782,0.0060848636426588,-5517.661520975729,8.78492764885374e-06,7.431486814707971
2013-03-16 18:22:00,455624.9242336834,416730120,-47.875240179835906,-89.74212670007364,0,20665.6350594444,0.0046380829063795,-166.938613393341,3.60347706184769e-06,-4591579.17941333,0.0068783561006227,5638.889182414679,8.81092546673084e-06,-5045513.62824763,0.0060431139371775,-5149.235181278849,7.93061472605067e-06,7.440940372274693
2013-03-16 18:23:00,457788.86955979746,416730180,-51.71881452194013,-89.83634396536823,0,12119.924825961,0.004687254373445,-117.327809330548,3.60129274719463e-06,-4243159.46302477,0.007012047072796,5970.64123838027,9.214489915462728e-06,-5342836.37053107,0.0059739028216571,-4757.84223989658,7.5496066915739e-06,7.451814498901586
2013-03-16 18:24:00,459897.8120202264,416730240,-55.557813554864346,-89.90165248105681,0,6652.51637566912,0.0047338956520255,-64.4071021116149,3.60780516901879e-06,-3875651.78278987,0.0071134927022106,6274.92015625472,1.01611756475119e-05,-5616031.27040454,0.0058793628327927,-4345.28089124477,7.58567533014804e-06,7.4646024281383045
2013-03-16 18:25:00,461926.70394498017,416730300,-59.39230703636368,-89.92699864156344,0,4447.61022078208,0.0047778308599055,-8.66040024380946,3.62553656933261e-06,-3490745.40712417,0.0071905305475211,6550.38555593334,1.15847203164469e-05,-5863884.34250428,0.0057678615761997,-3913.43545194322,7.911242052788551e-06,7.480041133771534
2013-03-16 18:26:00,463851.72512732353,416730360,-63.222370830453315,-89.89506378546454,0,5659.66431336866,0.0048188919090387,49.4053352585064,3.60616888870947e-06,-3090205.96442812,0.0072511224535938,6795.83334367756,1.10002197597678e-05,-6085297.04085771,0.005656183127485,-3464.26814164931,7.10810357878388e-06,7.4992852639131575
2013-03-16 18:27:00,465650.64459425025,416730420,-67.04803883395931,-89.77705664429446,0,10412.1073411281,0.0048567582439642,109.263284217041,3.59292200552171e-06,-2675867.12229942,0.0072846298752398,7010.20018121631,1.09613461162519e-05,-6279290.65093012,0.0055516203485984,-2999.80942830297,6.558331718472391e-06,7.524254310996549
2013-03-16 18:28:00,467303.12437148765,416730480,-70.86920114697561,-89.52128830789489,0,18796.243806015,0.0048911410634253,170.369994171164,3.5887180567849e-06,-2249622.05595342,0.0072867811265138,7192.566287264391,1.15363691025871e-05,-6445010.09590457,0.0054551487945159,-2522.14855463416,6.22625567706455e-06,7.558394280668921
2013-03-16 18:29:00,468790.98656707443,416730540,-74.68535665098334,-89.02472934662387,0,30870.3547911419,0.0049218330574389,232.168820811357,3.59743195249449e-06,-1813414.77723407,0.0072639793122535,7342.15692240697,1.2675830561411e-05,-6581727.18396242,0.0053708510112621,-2033.42454126693,6.05576725193294e-06,7.608573883562069
2013-03-16 18:30:00,470098.533222897,416730600,-78.49488566892727,-88.04829751585748,0,46659.0450209017,0.0049487407367453,294.094592810999,3.62363480464305e-06,-1369231.37657609,0.0072341602311032,7458.34520358692,1.42516030059411e-05,-6688843.40683796,0.0053047092759219,-1535.81990102751,5.98974234721764e-06,7.690732021559075
2013-03-17 06:11:00,450174.654097978,416772660,78.88084461881917,-83.67028246507677,0,145620.553405327,0.0036850201460988,-252.299622164171,3.24351276446169e-06,-1312771.48500239,0.0051723658811267,7496.83023353841,1.09995954134673e-05,6678367.44125719,0.0044663440974932,1465.24554644631,5.04433638583703e-06,19.644489864119365
2013-03-17 15:38:00,446058.5520720314,416806680,76.60244308249128,-54.87398392930592,0,912497.595187209,0.006638746938655,4633.15400490653,9.24064220392547e-06,-1297100.39609189,0.0061003695891335,-5816.78327922581,1.07001007708603e-05,6616559.10278177,0.0053405751449683,-1784.22032333228,5.4416797807909e-06,6.865345644209168
2013-03-17 15:39:00,445080.18317801226,416806740,72.7632466073958,-54.1789275947089,0,1186698.96579619,0.0064628813100413,4503.55231364444,9.36240329410337e-06,-1644123.83737265,0.0060779634833669,-5746.11799498185,1.08993814504894e-05,6494556.25675312,0.0054357087939055,-2281.02988247031,5.88722302432675e-06,6.9287445250775335
2013-03-17 15:40:00,444030.81851913314,416806800,68.9189366385224,-53.8200506067564,0,1452531.48992559,0.0062866865518068,4354.33440227235,9.72519670654849e-06,-1986090.5558106,0.0060646235264729,-5648.257306120229,1.14193677390945e-05,6343039.33487743,0.0055519279847242,-2767.64990767367,6.55319047795527e-06,6.9697530881666
2013-03-17 15:41:00,442925.4293073639,416806860,65.07054477069947,-53.64193656593506,0,1708844.61451563,0.0061196691175028,4186.39509527493,8.724999649871681e-06,-2321375.79327822,0.0060640095291542,-5523.45504258729,1.01675673492403e-05,6162686.38724648,0.0056791143846984,-3241.86564992158,6.46098476990965e-06,6.998732364202423
2013-03-17 15:42:00,441780.93063021544,416806920,61.218441472775076,-53.57205817442226,0,1954543.95217165,0.005958523942304,4000.710895477131,7.99572170652486e-06,-2648373.92187677,0.0060595785073664,-5372.09546710322,9.216674421594568e-06,5954306.87372195,0.0058002186176609,-3701.51271220602,6.55510251640509e-06,7.020517436318458
2013-03-17 15:43:00,440615.9536051154,416806980,57.36275498025609,-53.5720189775013,0,2188596.07300802,0.0057957537324613,3798.33656695499,7.579282104643709e-06,-2965506.33180034,0.0060375082898516,-5194.69446889161,8.65469527571494e-06,5718838.33941181,0.0059075696909407,-4144.4883545796,6.93872311327648e-06,7.037667990629529
2013-03-17 15:44:00,439450.46385640744,416807040,53.50352795085878,-53.61958050500888,0,2410033.03899708,0.0056286273666604,3580.39925138416,7.477038195068e-06,-3271229.22287694,0.0059919090573736,-4991.89618407639,8.522792871195381e-06,5457342.36483964,0.0059974901895983,-4568.76207569322,7.68033683947556e-06,7.051666506801619
2013-03-17 15:45:00,438305.3639156949,416807100,49.64078694617098,-53.70096108010568,0,2617956.54488785,0.0054590335204281,3348.09192433919,7.64184313581641e-06,-3564041.26675452,0.0059242419175007,-4764.47192856887,8.7860582014724e-06,5170999.990941891,0.0060716715058957,-4972.38378044427,8.78889327919944e-06,7.063431670805575
2013-03-17 15:46:00,437202.13245424256,416807160,45.774577160501615,-53.8071539952085,0,2811541.71018443,0.0052961609624712,3102.66834786904,6.90512331539436e-06,-3842491.18128919,0.0058437143091459,-4513.31841996745,7.81016894765734e-06,4861106.65244071,0.0061307511724593,-5353.491792277539,8.388309943070671e-06,7.073563829864364
2013-03-17 15:47:00,436162.52720418666,416807220,41.904980830862876,-53.932013260837515,0,2990040.58365158,0.0051418298816482,2845.43807465207,6.39769171089543e-06,-4105185.22989299,0.0057491492808624,-4239.456857016709,7.13760620310266e-06,4529066.58456116,0.0061628437982242,-5710.32320411901,8.41182361206246e-06,7.0824726092103
2013-03-17 15:48:00,435208.20741471834,416807280,38.032126229466876,-54.07119046106925,0,3152785.27192964,0.0049926604196232,2577.75853361542,6.11481032272762e-06,-4350794.592661601,0.0056357371528617,-3944.02860457405,6.79042058264191e-06,4176386.50414468,0.0061611558674243,-6041.226792537351,8.97109471247436e-06,7.090447788406214
2013-03-17 15:49:00,434360.18499139417,416807340,34.156192432711535,-54.221511251864385,0,3299190.53641789,0.0048481893389638,2301.02640642459,6.02369693535326e-06,-4578062.3216738,0.0055039019375662,-3628.28727564913,6.736116895950571e-06,3804668.68488417,0.0061273979739466,-6344.668833147441,1.0067331082139e-05,7.097700868146068
2013-03-17 15:50:00,433638.43532274663,416807400,30.277412048578306,-54.38059256467182,0,3428755.98959132,0.0047107096441832,2016.67238230322,6.06815656090822e-06,-4785810.00658236,0.0053578840830185,-3293.5966795469,6.90175832768776e-06,3415603.76200504,0.006073716880709,-6619.23958029581,1.16093920319494e-05,7.104390590041521
2013-03-17 15:51:00,433061.5560411252,416807460,26.396070387800414,-54.54659854332221,0,3541067.91279047,0.0045878338517018,1726.15324398042,5.53781876153369e-06,-4972944.22605731,0.0052126262457141,-2941.42469499927,6.250317410143319e-06,3010962.96774398,0.0060234213834716,-6863.66352200905,1.10037197352006e-05,7.110639207525975
2013-03-17 15:52:00,432646.36537898425,416807520,22.51250275631081,-54.71807957524752,0,3635800.5549495,0.0044820160405773,1430.94297627435,5.11927222168795e-06,-5138462.56963144,0.0050766378372362,-2573.33587381098,5.75691129676608e-06,2592589.86503111,0.0059767532023967,-7076.80614293845,1.0839990073121e-05,7.116543217146332
2013-03-17 15:53:00,432407.51805001684,416807580,18.62709070861494,-54.89386278907459,0,3712716.91849197,0.0043901990340457,1132.52505371562,4.81966360396995e-06,-5281459.20565126,0.0049490584813386,-2190.98379147946,5.3921881843348e-06,2162391.73674322,0.0059275139889959,-7257.67862570064,1.11951490262178e-05,7.122180658757569
2013-03-17 15:54:00,432357.24848380964,416807640,14.74025713144723,-55.07297479617862,0,3771669.15538245,0.0043105840986762,832.386317375516,4.60116090085227e-06,-5401130.029318689,0.0048301474620191,-1796.10457108102,5.147373791943499e-06,1722330.67693263,0.0058803271160576,-7405.44424798029,1.20589262769569e-05,7.127616266134498
2013-03-17 15:55:00,432505.1208479805,416807700,10.852459153237831,-55.25458585832709,0,3812598.47090146,0.004241927308273,532.006566012413,4.4496441728017e-06,-5496777.32845901,0.0047223972023334,-1390.50635638396,4.989212728872679e-06,1274414.22744533,0.0058518723594495,-7519.425266780911,1.3345421111589e-05,7.132905189176957
2013-03-17 15:56:00,432857.68161943555,416807760,6.964180772578355,-55.43796803511676,0,3835534.43493985,0.0041844836884423,232.850401383093,4.20905372974733e-06,-5567813.75757123,0.0046314683704797,-976.058312724426,4.68234540335754e-06,820685.80158594,0.0058595228242247,-7599.10377668883,1.21749541828854e-05,7.138095784134219
2013-03-17 15:57:00,433418.24562487006,416807820,3.0759259566298836,-55.62246198044282,0,3840593.90042824,0.0041374210955728,-63.6378513918139,4.05337456890302e-06,-5613765.755868499,0.0045603162551042,-554.683570815769,4.49111256437767e-06,363215.108976117,0.0058859778110229,-7644.12146500123,1.14342882768361e-05,7.143231827231745
2013-03-17 15:58:00,434186.98019673955,416807880,-0.8117895234374826,-55.80744959726231,0,3827979.61945436,0.0040989174850717,-356.041308134202,3.97728234188407e-06,-5634276.6158455,0.0045079619934775,-128.351677609434,4.42006275717339e-06,-95911.62478621391,0.0059142062472445,-7654.28737582725,1.12462985144522e-05,7.148354337749435
2013-03-17 15:59:00,435160.8784293281,416807940,-4.698448148413986,-55.992330762663364,0,3797978.2379971,0.0040678164738694,-642.981845161491,3.963015810125919e-06,-5629108.848930391,0.0044741641300698,300.934717500449,4.44146921231733e-06,-554601.773502093,0.0059398730789374,-7629.578808804909,1.16513703336123e-05,7.153503129750559
2013-03-17 16:00:00,436333.71177490335,416808000,-8.58354010829283,-56.17650182460133,0,3750957.73721718,0.0040434808233125,-923.127436369267,4.02327829548213e-06,-5598145.83080681,0.0044588791199222,731.1515813153569,4.610484617148651e-06,-1010766.35979585,0.0059718000328813,-7570.139624423809,1.25771353543339e-05,7.1587182457040095
2013-03-17 16:01:00,437696.026552476,416808060,-12.466571919743869,-56.3593331798702,0,3687364.4990276,0.0040251788519073,-1195.197590064,4.0285729715399e-06,-5541392.73964235,0.0044600085806896,1160.26424199252,4.65058396952863e-06,-1462329.94188778,0.0060160350917438,-7476.276694470949,1.11757526797488e-05,7.164041451361853
2013-03-17 16:02:00,439235.2847121693,416808120,-16.34707440503967,-56.540144645824334,0,3607720.04433936,0.0040114212622182,-1457.96918204102,4.08275000540723e-06,-5458976.92723602,0.004472749007212,1586.23673919467,4.79411640817393e-06,-1907240.34882979,0.0060499437248927,-7348.45853381058,1.02819712107426e-05,7.1695178777239486
2013-03-17 16:03:00,440936.09887200594,416808180,-20.224610568241843,-56.71817667642312,0,3512617.42005784,0.0040014250158715,-1710.28222317771,4.20476990881423e-06,-5351147.68264148,0.0044946807751851,2007.04217488151,5.08461118909154e-06,-2343478.31845078,0.0060586945952233,-7187.31333770548,1.00180756439614e-05,7.175197940055489
2013-03-17 16:04:00,442780.5284178741,416808240,-24.09878333906139,-56.89255492707576,0,3402717.20957507,0.0039951622879453,-1951.04646039443,4.41064400037843e-06,-5218275.35244028,0.0045249857312343,2420.67429533001,5.567260378913451e-06,-2769067.00061447,0.0060404828934488,-6993.62579550104,1.03887472496195e-05,7.181139700314983
2013-03-17 16:05:00,444748.3317510355,416808300,-27.96924238415005,-57.062244144923426,0,3278743.17850657,0.0039937738987362,-2179.24689635532,4.715507650226589e-06,-5060849.73528697,0.0045652902513589,2825.15920176862,6.26375401700398e-06,-3182081.14973254,0.0060054780452376,-6768.329915098499,1.12690651970045e-05,7.1874119412312325
2013-03-17 16:06:00,446817.2403771542,416808360,-31.835689013942666,-57.225986216509064,0,3141477.63388186,0.0039970816153461,-2393.94781138845,4.6336334149692e-06,-4879477.89647095,0.0046131345096971,3218.56329215143,6.07597899634835e-06,-3580655.87017671,0.0059697150498454,-6512.50269509857,9.914755870900752e-06,7.194098296555025
2013-03-17 16:07:00,448963.33713205997,416808420,-35.69788011201171,-57.38221422737571,0,2991756.53932727,0.0040019349323856,-2594.29691347007,4.6596110197898e-06,-4674881.474523391,0.0046581411746628,3599.00252798944,6.10616083900724e-06,-3962995.0422336,0.0059244755721378,-6227.358448705359,9.00585241777458e-06,7.201302980520435
2013-03-17 16:08:00,451161.485729062,416808480,-39.55563073116022,-57.52892876807703,0,2830464.43672162,0.0040070560256392,-2779.52757411452,4.82918950354989e-06,-4447893.43475119,0.004695238837647,3964.6519549855,6.44878609768258e-06,-4327379.36783147,0.0058590793106238,-5914.242577768639,8.61407695338888e-06,7.20915903421602
2013-03-17 16:09:00,453385.7543574795,416808540,-43.408815485795934,-57.663513640276726,0,2658529.23168079,0.0040131320181157,-2948.9614255976,5.15880441807955e-06,-4199454.192683199,0.0047242148688525,4313.756289211389,7.14573409307691e-06,-4672174.003933961,0.0057724997740898,-5574.62321089387,8.7188166478862e-06,7.217840611954159
2013-03-17 16:10:00,455609.7705823267,416808600,-47.257367772118535,-57.78245380890379,0,2476916.82107679,0.0040232600269842,-3102.0107810767,5.64370646807542e-06,-3930607.18405314,0.0047511085986321,4644.63819360854,8.17841379984809e-06,-4995835.63434891,0.0056721599372609,-5210.08136520121,9.20632145491831e-06,7.2275817845739
2013-03-17 16:11:00,457807.01375561394,416808660,-51.10127592976655,-57.8808883626421,0,2286625.624935,0.0040399567126782,-3238.17897695801,5.42224382866442e-06,-3642493.98900373,0.0047819196004401,4955.703951271041,7.72782258353398e-06,-5296918.920903601,0.005575386175209,-4822.30054387184,8.082153429481959e-06,7.238706342192043
2013-03-17 16:12:00,459951.255041264,416808720,-54.94057508255609,-57.95187257778748,0,2088681.15189151,0.004060040830196,-3357.06014864007,5.3822757609841e-06,-3336349.21688375,0.0048084852169685,5245.4477342477,7.63441529023805e-06,-5574082.4847214,0.0054838354226757,-4413.06194164424,7.2782830460113e-06,7.251676990066924
2013-03-17 16:13:00,462017.02715884056,416808780,-58.77533455117731,-57.98510010330642,0,1884130.46963438,0.0040816124323854,-3458.34135334105,5.55991986726677e-06,-3013494.94734468,0.0048246163688644,5512.4604039355,8.00905661869679e-06,-5826094.51556703,0.0053918268447113,-3984.23429061055,6.807660030021329e-06,7.267180536385685
2013-03-17 16:14:00,463980.0216491576,416808840,-62.60563437093664,-57.96455860932549,0,1674036.68904087,0.0041059643200867,-3541.80085341632,5.94859141097925e-06,-2675334.84860044,0.0048324516862257,5755.432764383851,8.85712910791552e-06,-6051837.75699126,0.0052992440857258,-3537.76689617728,6.633933544647911e-06,7.286284182492858
2013-03-17 16:15:00,465817.57004728913,416808900,-66.43152264585073,-57.86391133595397,0,1459473.45545525,0.0041381897222132,-3607.30907645615,6.51741879692733e-06,-2323347.91342366,0.0048452298304751,5973.16408035341,1.01060373571857e-05,-6250314.12659954,0.005210315621316,-3075.68090728302,6.67994840431091e-06,7.310743419768723
2013-03-17 16:16:00,467509.0117485123,416808960,-70.2529270370068,-57.636535154088094,0,1241519.47387059,0.0041812619034771,-3654.82667138864,6.10545718284974e-06,-1959081.78474309,0.0048784478941555,6164.56813089041,9.42686359477422e-06,-6420648.72557884,0.0051377292572974,-2600.05950388205,5.92655282855493e-06,7.343666159041946
2013-03-17 16:17:00,469035.9207644975,416809020,-74.06944459900186,-57.191288956472604,0,1021253.15819037,0.004228732625917,-3684.40203725376,5.90411471116066e-06,-1584145.71502757,0.0049236856187287,6328.67729633224,9.15065227498883e-06,-6562093.17363986,0.00508670666767,-2113.03495734272,5.37672571014744e-06,7.391128171325485
2013-03-17 16:18:00,470382.3164563915,416809080,-77.87974308162167,-56.32276386961,0,799747.450689668,0.0042767215991773,-3696.16933473152,5.94299106614233e-06,-1200203.45809422,0.0049726882767769,6464.64336127362,9.36659644332014e-06,-6674028.34240348,0.0050547445343154,-1616.78258826576,5.01936693265401e-06,7.466823073830726
2013-03-17 16:18:00,470382.3164563915,416809080,-77.87974308162167,-56.32276386961,0,799747.450689668,0.0042767215991773,-3696.16933473152,5.94299106614233e-06,-1200203.45809422,0.0049726882767769,6464.64336127362,9.36659644332014e-06,-6674028.34240348,0.0050547445343154,-1616.78258826576,5.01936693265401e-06,7.466823073830726
2013-03-17 17:11:00,446443.6562388139,416812260,78.28905344594139,-78.81373791917622,0,269540.435688031,0.0038821599045269,1975.442772571,4.55487539817541e-06,-1362993.80089734,0.0047530819242257,-7220.246588460231,1.1223608642159e-05,6660717.02879015,0.0045514075267781,-1562.92026796405,4.55369839883394e-06,6.921742208695713
2013-03-17 17:12:00,445506.280346754,416812320,74.45287731230633,-77.86856213241855,0,385483.73412815,0.0038967530988739,1888.02770780465,4.40300284781598e-06,-1793319.57860317,0.0047665956686802,-7118.41675817421,1.0553905559733e-05,6551884.226047929,0.0045975620242201,-2063.49400832453,4.81776796810679e-06,7.002792111880643
2013-03-17 17:13:00,444492.5118967481,416812380,70.61064026891928,-77.38775213317973,0,495953.899067172,0.0039126545821679,1793.12049519818,4.37145053784068e-06,-2216544.42855396,0.0047999120119048,-6983.623334785661,1.0413294858305e-05,6413281.91206114,0.0046504558308966,-2554.86082092201,5.25023508953442e-06,7.052879034583635
2013-03-17 17:14:00,443416.61555210315,416812440,66.76399698515304,-77.14117781159982,0,600522.489941922,0.003929900657725,1691.42882669647,4.44298478039664e-06,-2630705.5155503,0.0048509554709304,-6816.391901807549,1.07956383186997e-05,6245529.82485167,0.0047099796562212,-3034.78469194731,5.93265495211256e-06,7.087344670451833
2013-03-17 17:15:00,442294.90652686264,416812500,62.91353139697682,-77.02907042311571,0,698804.327438881,0.0039497671880863,1583.68617093584,4.59167605534814e-06,-3033876.13273745,0.0049299526941302,-6617.39931404711,1.16059328370007e-05,6049380.30327531,0.0047793812568894,-3501.08267086733,6.801293381560101e-06,7.112839959770435
2013-03-17 17:16:00,441145.2942439774,416812560,59.05945117058336,-77.0011771937968,0,790458.892178008,0.003974094700666,1470.64702016067,4.35948882347147e-06,-3424174.59312593,0.0050416810297689,-6387.46994309039,1.03560468955593e-05,5825715.01951263,0.0048551766986158,-3951.62705625274,6.617555501086979e-06,7.132714782550519
2013-03-17 17:17:00,439987.11323936656,416812620,55.20182558567528,-77.0294264945794,0,875191.466636295,0.0040018999085078,1353.08294033861,4.2344371197408e-06,-3799773.18558915,0.0051625536378686,-6127.57847357752,9.527412619543248e-06,5575541.44305785,0.0049236142069199,-4384.35484160784,6.68608874750069e-06,7.148840280353329
2013-03-17 17:18:00,438840.79485795274,416812680,51.340682929472806,-77.09689568247637,0,952754.025087462,0.0040319831122865,1231.77790799938,4.20450134939853e-06,-4158907.05323901,0.0052787668623562,-5838.844007788271,9.1867945279554e-06,5299988.53201886,0.0049792686167821,-4797.28081770229,7.11024119823506e-06,7.162344333646035
2013-03-17 17:19:00,437727.43955118675,416812740,47.476057306173736,-77.19276502753803,0,1022945.83053021,0.0040642714894967,1107.523555325,4.24940362170604e-06,-4499882.69421617,0.0053886854955853,-5522.525652391671,9.31974313206157e-06,5000301.85730764,0.0050223228677334,-5188.50436596009,7.93468217662309e-06,7.1739479667703385
2013-03-17 17:20:00,436668.49151524156,416812800,43.60801303019085,-77.30978285579258,0,1085613.78001282,0.0040994976019678,981.115303835522,4.3456411577919e-06,-4821086.29357713,0.0055002373900915,-5180.020017036531,9.83015019961358e-06,4677838.26851897,0.0050602486481193,-5556.21848716255,9.13344446255887e-06,7.1841343385089
2013-03-17 17:21:00,435685.4238470737,416812860,39.73665738201825,-77.44289579413305,0,1140652.46400531,0.0041388173468419,853.3464320711171,4.21116919408004e-06,-5120991.855627419,0.0056206983892266,-4812.85666487992,8.8038045074365e-06,4334059.95146597,0.005099777153428,-5898.72084287137,8.570712853484391e-06,7.19324005918674
2013-03-17 17:22:00,434799.34968040604,416812920,35.862147134935036,-77.58846397904016,0,1188003.88625863,0.0041817437277197,725.003709432138,4.14406941046863e-06,-5398168.95831259,0.0057418064444825,-4422.69062324106,8.1294025668783e-06,3970527.85258776,0.0051291468412698,-6214.42314013673,8.48967311889863e-06,7.2015075101708605
2013-03-17 17:23:00,434030.63270328473,416812980,31.98469133363134,-77.74378772435156,0,1227656.99063628,0.0042276022155377,596.864278157362,4.12842334520645e-06,-5651290.05651944,0.005860702326602,-4011.29459462139,7.80154929768579e-06,3588894.56764508,0.0051420194075728,-6501.86032536593,9.00831450693068e-06,7.209116399447702
2013-03-17 17:24:00,433398.4296122845,416813040,28.104551295272532,-77.90681018523432,0,1259646.92274542,0.0042762243306202,469.690015508834,4.14730098453508e-06,-5879137.24289613,0.0059802532659294,-3580.54862537663,7.799019308081261e-06,3190896.67450467,0.0051434990908366,-6759.69910680671,1.01094062413746e-05,7.216203584098786
2013-03-17 17:25:00,432920.1957941698,416813100,24.222039290010017,-78.07592430825498,0,1284053.94341253,0.0043276509661309,344.222213944979,4.19132646081662e-06,-6080608.39246151,0.0061097562902699,-3132.43086094118,8.03990735798915e-06,2778346.67556643,0.0051518104474953,-6986.742689345559,1.16716175389562e-05,7.222875940374946
2013-03-17 17:26:00,432611.33461361285,416813160,20.337515940335408,-78.24984315907672,0,1301002.08379262,0.0043820503015989,221.177902726573,4.12136906924464e-06,-6254722.83859007,0.0062605207866774,-2669.01065204201,7.563505925992359e-06,2353124.65660679,0.0051898857664309,-7181.93616433447,1.11347091037224e-05,7.22921900859001
2013-03-17 17:27:00,432484.9721501777,416813220,16.45138558673044,-78.42751028794808,0,1310657.54462128,0.0044389211504271,101.244779755218,4.09444908206435e-06,-6400626.59983526,0.0064383421815744,-2192.43916196488,7.36139813952058e-06,1917169.53684109,0.0052528961980164,-7344.37478270043,1.11901227802667e-05,7.235302968824528
2013-03-17 17:28:00,432551.6323829228,416813280,12.564090313285421,-78.60803586926525,0,1313226.80446388,0.0044978285797322,-14.9224038202485,4.095127575323881e-06,-6517596.86240426,0.0066468749222312,-1704.93601949517,7.42404022452119e-06,1472469.90268407,0.0053385986146328,-7473.30796905531,1.18623618081311e-05,7.241186898354213
2013-03-17 17:29:00,432819.02463645674,416813340,8.67610312461609,-78.7906486463173,0,1308954.61434212,0.004558581553902,-126.703383542813,4.11746873903489e-06,-6605045.8220183,0.0068922915949754,-1208.77926700771,7.72143677549604e-06,1021054.60183101,0.0054587527737564,-7568.14551588477,1.30602711082511e-05,7.2469219753958205
2013-03-17 17:30:00,433291.7815091321,416813400,4.787920224846895,-78.97465888976359,0,1298121.764134,0.0046211823265919,-233.517857425888,4.15690499725737e-06,-6662523.73145709,0.0071820196146704,-706.292072986035,8.22071944814992e-06,564983.081368646,0.0056372877011825,-7628.45686129184,1.46345672529223e-05,7.252553948600403
2013-03-17 17:31:00,433971.5094768591,416813460,0.9000535162255863,-79.15942970499057,0,1281042.55562944,0.004685661390703,-334.830091390028,4.17666049859895e-06,-6689721.49771048,0.0075240677154289,-199.836734470153,8.85920608574044e-06,106335.688303469,0.0058888880739201,-7653.978350506361,1.41069142529887e-05,7.25812504995096
2013-03-17 17:32:00,434856.7067526793,416813520,-2.98697979622084,-79.34435333649866,0,1258061.97898826,0.0047520267721381,-430.152876808411,4.21397077230124e-06,-6686472.38687238,0.0079258280529552,308.20572144832,9.64087982630925e-06,-352796.498093806,0.0061929429901382,-7644.61452242913,1.40388960454898e-05,7.263675574523096
2013-03-17 17:33:00,435942.7242682781,416813580,-6.872666205462129,-79.52882861761192,0,1229552.83949653,0.0048202673208602,-519.046191822898,4.26898242966553e-06,-6652752.863364589,0.0083905134871778,815.4459128675,1.05763319853187e-05,-810321.689690441,0.0065364755996245,-7600.43791910235,1.44475592612282e-05,7.269245383876528
2013-03-17 17:34:00,437221.7292161416,416813640,-10.756505236499775,-79.71223775498724,0,1195912.86340427,0.0048905486877386,-601.120390245231,4.34095034710374e-06,-6588682.568444731,0.0089220621486599,1319.50196188472,1.16384588243122e-05,-1264157.40954472,0.006918924673744,-7521.68499933665,1.52196072159598e-05,7.274875453810842
2013-03-17 17:35:00,438682.7718307227,416813700,-14.638017124710634,-79.89392359147114,0,1157561.49171126,0.0049631642193038,-676.041709153068,4.417489759864341e-06,-6494523.64299297,0.0095237184611298,1818.00831108815,1.28105362418707e-05,-1712240.23623765,0.007347424089977,-7408.75480723076,1.62693552485746e-05,7.280609390206606
2013-03-17 17:36:00,440311.885089756,416813760,-18.51675116783027,-80.07316392594294,0,1114936.55156662,0.005038106021924,-743.5304756379511,4.47343231671618e-06,-6370679.2895234,0.0101893582504802,2308.63004039827,1.36391951350188e-05,-2152535.5132986,0.0078051559022877,-7262.206351640119,1.48747099138808e-05,7.286495141074244
2013-03-17 17:37:00,442092.32314045634,416813820,-22.39229329493816,-80.24913879877619,0,1068491.04567158,0.0051153041635172,-803.360820916711,4.534688776842129e-06,-6217691.65781306,0.0109076013365249,2789.07255803344,1.44796969848438e-05,-2583046.84894529,0.0082479022713018,-7082.75560457878,1.37768181007648e-05,7.292587177556048
2013-03-17 17:38:00,444004.8719028868,416813880,-26.26427298676615,-80.42088912185257,0,1018689.87976667,0.005194659948062,-855.361997290261,4.59991234409868e-06,-6036239.038216201,0.0116731409641664,3257.09441552353,1.53335258510012e-05,-3001825.39883463,0.0086557824737805,-6871.27048679285,1.30411883120465e-05,7.298949251954503
2013-03-17 17:39:00,446028.1583485333,416813940,-30.132368951217135,-80.58726220710848,0,966006.524396742,0.0052760441272307,-899.419421629599,4.66791084997295e-06,-5827132.34423202,0.0124805355856613,3710.51798023136,1.62060002009086e-05,-3406978.80843748,0.0090194190896303,-6628.765258679499,1.27244034652378e-05,7.305658029188085
2013-03-17 17:40:00,448139.014440991,416814000,-33.99631388193461,-80.74683742445336,0,910919.6276838948,0.0053592910053278,-935.4750415891772,4.7377302805467e-06,-5591310.956462961,0.0133245134487705,4147.240611506551,1.71040086646331e-05,-3796679.83810027,0.0093382782685211,-6356.394960604631,1.28237543912013e-05,7.3128080429521845
2013-03-17 17:41:00,450312.82562802173,416814060,-37.85589792361455,-80.89782070528784,0,853909.643868951,0.0054433154646002,-963.52650920659,4.73734347273021e-06,-5329837.90447762,0.0141794888043928,4565.244710531771,1.6829163073548e-05,-4169174.57092577,0.0095927187883365,-6055.44732243979,1.0712692404032e-05,7.320518728836655
2013-03-17 17:42:00,452523.91378712,416814120,-41.710970246529996,-81.03789012225361,0,795455.526987164,0.0055266198824071,-983.625958456019,4.74952867577809e-06,-5043894.50880847,0.0150128011947696,4962.6063591323,1.65751042250139e-05,-4522790.1494334,0.0097504124289996,-5727.33528510935,9.15476318182778e-06,7.328944719024343
2013-03-17 17:43:00,454745.93694761675,416814180,-45.56143868864461,-81.16396282069029,0,736031.507171994,0.0056083911761106,-995.878411473072,4.73468558468806e-06,-4734774.51324678,0.0158111175979867,5337.50308687753,1.64246551623451e-05,-4855942.039531791,0.0098047807427831,-5373.58877611882,8.35582875098999e-06,7.338291380205806
2013-03-17 17:44:00,456952.3537912043,416814240,-49.407267098153284,-81.27183128919843,0,676103.969969344,0.0056871510768392,-1000.44011330024,4.69535743204845e-06,-4403877.78533218,0.0165633992938436,5688.22147302365,1.64677598461094e-05,-5167140.85154715,0.009757813949726,-4995.848168393281,8.38458245313573e-06,7.34883906221947
2013-03-17 17:45:00,459116.86709784437,416814300,-53.24847026084325,-81.35557384365178,0,616128.426435938,0.0057619901562777,-997.51693193944,4.675193585076311e-06,-4052703.50130524,0.0172623410201419,6013.165775766441,1.67980849755534e-05,-5454998.70420543,0.009618509658208,-4595.854914227561,9.06926276600618e-06,7.360982399112808
2013-03-17 17:46:00,461213.8037296375,416814360,-57.08510397669352,-81.40655571455363,0,556546.607087812,0.0058313924998575,-987.361956293111,4.58813768072799e-06,-3682842.91405349,0.0178894650146029,6310.86335529383,1.57487909272746e-05,-5718234.99079955,0.0093975881599245,-4175.44196836481,8.76885968320745e-06,7.375296903335287
2013-03-17 17:47:00,463218.5045066159,416814420,-60.917247274019424,-81.41164465329373,0,497783.704732294,0.0058937617921282,-970.272871364574,4.5374426732271e-06,-3295971.8072647,0.0184207068259293,6579.97003559194,1.51281052255323e-05,-5955681.6090477,0.0091013886552185,-3736.52497352793,9.027819412122051e-06,7.39265792531016
2013-03-17 17:48:00,465107.684150924,416814480,-64.74496998544419,-81.34981088974601,0,440245.780301672,0.0059487243205154,-946.589348486026,4.52454182992542e-06,-2893842.63995111,0.0188484486200983,6819.274848413461,1.51212040697207e-05,-6166287.64292519,0.0087412480670194,-3281.09295079566,9.61467460711658e-06,7.414467322925955
2013-03-17 17:49:00,466859.7633074373,416814540,-68.56826864300037,-81.18510242483129,0,384317.31351636,0.0059960474003946,-916.690614234853,4.53802668676862e-06,-2478276.43995961,0.0191648128263861,7027.70374110711,1.57873406199234e-05,-6349123.495809521,0.0083335305482741,-2811.19945625646,1.03077764770973e-05,7.443121775358143
2013-03-17 17:50:00,468455.1862679124,416814600,-72.38692428831904,-80.85051588075218,0,330358.920731425,0.00603618788091,-880.9923586142669,4.58273729508269e-06,-2051154.48154384,0.0193769332771856,7204.32295988001,1.72156577752163e-05,-6503384.49884674,0.0078988075945638,-2328.9536898614,1.09514814281464e-05,7.483088059709462
2013-03-17 17:51:00,469876.73223676067,416814660,-76.2001328876626,-80.20522867234646,0,278705.271545017,0.0060691461736576,-839.943066653883,4.52341361090487e-06,-1614409.79290324,0.0194903487427406,7348.34178591473,1.65499773103612e-05,-6628394.005715489,0.0074682988762313,-1836.51263027594,1.10435721396495e-05,7.543754239572802
